"input_string","prefix_string","encoded_id","timestamp"
"F2000","ACU","ACU10250","2025-05-11 16:35:52"
"F2001","ADST","ADS00448","2025-05-11 16:35:52"
"F2003","ADR","ADR21039","2025-05-11 16:35:52"
"F2005","AFA","AFA47147","2025-05-11 16:35:52"
"F2006","AKR","AKR55093","2025-05-11 16:35:52"
"F2010","AAMU","AAM05522","2025-05-11 16:35:52"
"F333","ALA","ALA36767","2025-05-11 16:35:52"
"F2011","ALST","ALS03006","2025-05-11 16:35:52"
"F2013","ALBS","ALB31244","2025-05-11 16:35:52"
"F2790","ALBI","ALB14180","2025-05-11 16:35:52"
"F2015","ALB","ALB40172","2025-05-11 16:35:52"
"F2016","ALCN","ALC01890","2025-05-11 16:35:52"
"F3162","ASC","ASC06221","2025-05-11 16:35:52"
"F365","ALF","ALF34246","2025-05-11 16:35:52"
"F2018","ALL","ALL45073","2025-05-11 16:35:52"
"F2019","ALL","ALL16310","2025-05-11 16:35:52"
"F2800","ALM","ALM50398","2025-05-11 16:35:52"
"F2022","AIC","AIC01216","2025-05-11 16:35:52"
"F7","AMH","AMH33010","2025-05-11 16:35:52"
"F2023","AND","AND35852","2025-05-11 16:35:52"
"F129469","AND","AND06174","2025-05-11 16:35:52"
"F2025","ANG","ANG07401","2025-05-11 16:35:52"
"F15","ANN","ANN18560","2025-05-11 16:35:52"
"F2026","APP","APP62196","2025-05-11 16:35:52"
"F9","ASU","ASU54529","2025-05-11 16:35:52"
"F12","ARIZ","ARI40786","2025-05-11 16:35:52"
"F8","ARK","ARK35620","2025-05-11 16:35:52"
"F2032","ARST","ARS54403","2025-05-11 16:35:52"
"F2033","ARKTECH","ARK32240","2025-05-11 16:35:52"
"F2028","ARKMONT","ARK52916","2025-05-11 16:35:52"
"F2029","UAPB","UAP33376","2025-05-11 16:35:52"
"F349","ARMY","ARM37847","2025-05-11 16:35:52"
"F308","ASH","ASH61058","2025-05-11 16:35:52"
"F2038","ASP","ASP53063","2025-05-11 16:35:52"
"F2","AUB","AUB48968","2025-05-11 16:35:52"
"F124","AUG","AUG32399","2025-05-11 16:35:52"
"F2042","AUGIL","AUG58572","2025-05-11 16:35:52"
"F2043","AUSD","AUS42973","2025-05-11 16:35:52"
"F2044","AUR","AUR52023","2025-05-11 16:35:52"
"F2045","AUS","AUS22356","2025-05-11 16:35:52"
"F2046","APSU","APS01761","2025-05-11 16:35:52"
"F2047","AVE","AVE12126","2025-05-11 16:35:52"
"F252","BYU","BYU65210","2025-05-11 16:35:52"
"F188","BAL","BAL41718","2025-05-11 16:35:52"
"F2050","BALL","BAL54686","2025-05-11 16:35:52"
"F121","BAT","BAT61515","2025-05-11 16:35:52"
"F239","BAY","BAY60033","2025-05-11 16:35:52"
"F2056","BELHA","BEL02675","2025-05-11 16:35:52"
"F266","BEL","BEL36352","2025-05-11 16:35:52"
"F132","BST","BST00337","2025-05-11 16:35:52"
"F490","BEN","BEN18584","2025-05-11 16:35:52"
"F2283","BENILL","BEN36284","2025-05-11 16:35:52"
"F2060","BENT","BEN17947","2025-05-11 16:35:52"
"F2757","BER","BER38521","2025-05-11 16:35:52"
"F2062","BETHWV","BET40559","2025-05-11 16:35:52"
"F2802","BET","BET23737","2025-05-11 16:35:52"
"F2065","BCU","BCU43340","2025-05-11 16:35:52"
"F2069","BHST","BHS35972","2025-05-11 16:35:52"
"F2071","BLMSB","BLM33983","2025-05-11 16:35:52"
"F124180","BLU","BLU65465","2025-05-11 16:35:52"
"F2074","BLUFFTON","BLU00903","2025-05-11 16:35:52"
"F68","BOIS","BOI26154","2025-05-11 16:35:52"
"F103","BC","BCX36620","2025-05-11 16:35:52"
"F340","BOW","BOW42354","2025-05-11 16:35:52"
"F2075","BSU","BSU48305","2025-05-11 16:35:52"
"F189","BGSU","BGS07469","2025-05-11 16:35:52"
"F2913","BRE","BRE20974","2025-05-11 16:35:52"
"F2079","BRVA","BRV43255","2025-05-11 16:35:52"
"F18","BRST","BRS41969","2025-05-11 16:35:52"
"F2781","BRO","BRO00138","2025-05-11 16:35:52"
"F225","BRWN","BRW44691","2025-05-11 16:35:52"
"F2803","BRY","BRY38080","2025-05-11 16:35:52"
"F2083","BUCK","BUC16183","2025-05-11 16:35:52"
"F63","BUENA","BUE51362","2025-05-11 16:35:52"
"F2084","BUF","BUF52716","2025-05-11 16:35:52"
"F2085","BUF","BUF25097","2025-05-11 16:35:52"
"F2086","BUT","BUT57263","2025-05-11 16:35:52"
"F2570","CSTP","CST61027","2025-05-11 16:35:52"
"F13","CP","CPX33298","2025-05-11 16:35:52"
"F25","CAL","CAL30562","2025-05-11 16:35:52"
"F2094","CALLUTH","CAL25498","2025-05-11 16:35:52"
"F129738","CAL","CAL11265","2025-05-11 16:35:52"
"F2097","CAM","CAM07558","2025-05-11 16:35:52"
"F424","CAPITAL","CAP65478","2025-05-11 16:35:52"
"F2101","CARLETON","CAR05208","2025-05-11 16:35:52"
"F2102","CARM","CAR11640","2025-05-11 16:35:52"
"F32","CAR","CAR51778","2025-05-11 16:35:52"
"F2105","CAR","CAR18416","2025-05-11 16:35:52"
"F2106","CARCWI","CAR23355","2025-05-11 16:35:52"
"F2963","CSR","CSR42288","2025-05-11 16:35:52"
"F293","CAS","CAS52395","2025-05-11 16:35:52"
"F2107","CAT","CAT47704","2025-05-11 16:35:52"
"F2108","CATH","CAT44597","2025-05-11 16:35:52"
"F2110","CARK","CAR62926","2025-05-11 16:35:52"
"F2964","CNTCIA","CNT40509","2025-05-11 16:35:52"
"F2115","CCSU","CCS34714","2025-05-11 16:35:52"
"F2117","CMU","CMU57216","2025-05-11 16:35:52"
"F2118","CENM","CEN26471","2025-05-11 16:35:52"
"F2122","CENO","CEN00676","2025-05-11 16:35:52"
"F2119","CEN","CEN64724","2025-05-11 16:35:52"
"F2120","CENTWASH","CEN32916","2025-05-11 16:35:52"
"F2121","CENTRE","CEN26308","2025-05-11 16:35:52"
"F2123","CHADRONST","CHA52174","2025-05-11 16:35:52"
"F411","CHA","CHA11842","2025-05-11 16:35:52"
"F2127","CHSO","CHS27544","2025-05-11 16:35:52"
"F2429","CLT","CLT58637","2025-05-11 16:35:52"
"F236","UTC","UTC20934","2025-05-11 16:35:52"
"F80","CHI","CHI21605","2025-05-11 16:35:52"
"F3112","CHR","CHR54077","2025-05-11 16:35:52"
"F2132","CIN","CIN45999","2025-05-11 16:35:52"
"F17","CLA","CLA10361","2025-05-11 16:35:52"
"F2134","CLARION","CLA45091","2025-05-11 16:35:52"
"F2805","CLA","CLA52895","2025-05-11 16:35:52"
"F228","CLEM","CLE47011","2025-05-11 16:35:52"
"F2557","USCGA","USC23767","2025-05-11 16:35:52"
"F324","CCU","CCU13311","2025-05-11 16:35:52"
"F2141","COE","COE50832","2025-05-11 16:35:52"
"F33","COLBY","COL52254","2025-05-11 16:35:52"
"F2142","COLG","COL03278","2025-05-11 16:35:52"
"F2442","COL","COL21042","2025-05-11 16:35:52"
"F38","COLO","COL32544","2025-05-11 16:35:52"
"F11","MESA","MES65244","2025-05-11 16:35:52"
"F2146","COLOMINES","COL53493","2025-05-11 16:35:52"
"F36","CSU","CSU28017","2025-05-11 16:35:52"
"F171","COLU","COL34555","2025-05-11 16:35:52"
"F2148","CON","CON51450","2025-05-11 16:35:52"
"F2152","CONCOMN","CON60574","2025-05-11 16:35:52"
"F2151","CONCOIL","CON57253","2025-05-11 16:35:52"
"F3066","CON","CON61515","2025-05-11 16:35:52"
"F409","CONW","CON04812","2025-05-11 16:35:52"
"F172","COR","COR02747","2025-05-11 16:35:52"
"F2155","CORNELLIA","COR27786","2025-05-11 16:35:52"
"F2782","CORTLAND","COR37436","2025-05-11 16:35:52"
"F509","CROWN","CRO22500","2025-05-11 16:35:52"
"F40","CUR","CUR59114","2025-05-11 16:35:52"
"F159","DART","DAR21214","2025-05-11 16:35:52"
"F2166","DAV","DAV04996","2025-05-11 16:35:52"
"F2168","DAY","DAY61829","2025-05-11 16:35:52"
"F48","DEL","DEL43233","2025-05-11 16:35:52"
"F2169","DSU","DSU31641","2025-05-11 16:35:52"
"F2808","DV","DVX63530","2025-05-11 16:35:52"
"F2170","DELTAST","DEL46076","2025-05-11 16:35:52"
"F2171","DEN","DEN08895","2025-05-11 16:35:52"
"F83","DEP","DEP33534","2025-05-11 16:35:52"
"F2175","DIC","DIC53518","2025-05-11 16:35:52"
"F2181","DRKE","DRK58529","2025-05-11 16:35:52"
"F49","DUB","DUB33082","2025-05-11 16:35:52"
"F150","DUKE","DUK13666","2025-05-11 16:35:52"
"F2184","DUQ","DUQ50987","2025-05-11 16:35:52"
"F151","ECU","ECU61737","2025-05-11 16:35:52"
"F2191","EAS","EAS14673","2025-05-11 16:35:52"
"F2188","ESTROUD","EST23676","2025-05-11 16:35:52"
"F2193","ETSU","ETS06081","2025-05-11 16:35:52"
"F2194","EAS","EAS54940","2025-05-11 16:35:52"
"F2197","EIU","EIU47331","2025-05-11 16:35:52"
"F2198","EKU","EKU12965","2025-05-11 16:35:52"
"F2199","EMU","EMU51046","2025-05-11 16:35:52"
"F2201","EASTERNNM","EAS19722","2025-05-11 16:35:52"
"F127954","EAS","EAS49204","2025-05-11 16:35:52"
"F331","EWU","EWU09826","2025-05-11 16:35:52"
"F2205","EDI","EDI55135","2025-05-11 16:35:52"
"F2206","EDW","EDW13930","2025-05-11 16:35:52"
"F2207","ELI","ELI40480","2025-05-11 16:35:52"
"F72","ELM","ELM10368","2025-05-11 16:35:52"
"F2210","ELON","ELO30213","2025-05-11 16:35:52"
"F2213","EMHEN","EMH49811","2025-05-11 16:35:52"
"F2214","EMP","EMP09921","2025-05-11 16:35:52"
"F452","END","END56146","2025-05-11 16:35:52"
"F101","EUR","EUR07917","2025-05-11 16:35:52"
"F2221","FDUFLOR","FDU50336","2025-05-11 16:35:52"
"F2986","FAIRST","FAI05545","2025-05-11 16:35:52"
"F2220","FAY","FAY33563","2025-05-11 16:35:52"
"F2222","FRST","FRS47281","2025-05-11 16:35:52"
"F366","FER","FER32828","2025-05-11 16:35:52"
"F2224","FINDLAY","FIN63444","2025-05-11 16:35:52"
"F114","FITCH","FIT55863","2025-05-11 16:35:52"
"F50","FAMU","FAM50354","2025-05-11 16:35:52"
"F2226","FAU","FAU38107","2025-05-11 16:35:52"
"F57","FLA","FLA63805","2025-05-11 16:35:52"
"F2229","FIU","FIU19752","2025-05-11 16:35:52"
"F52","FSU","FSU28637","2025-05-11 16:35:52"
"F2230","FOR","FOR56685","2025-05-11 16:35:52"
"F2231","FTHAYST","FTH04103","2025-05-11 16:35:52"
"F2237","FORTLEW","FOR28918","2025-05-11 16:35:52"
"F2232","FOR","FOR21569","2025-05-11 16:35:52"
"F2967","FRA","FRA63165","2025-05-11 16:35:52"
"F2234","FRKLNMAR","FRK30860","2025-05-11 16:35:52"
"F2233","FRANKLIN","FRA07136","2025-05-11 16:35:52"
"F112334","FRANK","FRA36633","2025-05-11 16:35:52"
"F278","FRES","FRE31666","2025-05-11 16:35:52"
"F341","FRO","FRO64437","2025-05-11 16:35:52"
"F231","FUR","FUR46783","2025-05-11 16:35:52"
"F417","GALLAUDET","GAL41306","2025-05-11 16:35:52"
"F367","GAN","GAN59680","2025-05-11 16:35:52"
"F2241","GWEB","GWE26765","2025-05-11 16:35:52"
"F2242","GENEVA","GEN47835","2025-05-11 16:35:52"
"F2244","GMU","GMU59848","2025-05-11 16:35:52"
"F46","GTWN","GTW23517","2025-05-11 16:35:52"
"F61","UGA","UGA29143","2025-05-11 16:35:52"
"F290","GASO","GAS30235","2025-05-11 16:35:52"
"F2247","GAST","GAS37343","2025-05-11 16:35:52"
"F59","GT","GTX20428","2025-05-11 16:35:52"
"F2248","GETTY","GET24447","2025-05-11 16:35:52"
"F2249","GLENVILLE","GLE56565","2025-05-11 16:35:52"
"F2755","GRAM","GRA22651","2025-05-11 16:35:52"
"F125","GVSU","GVS27304","2025-05-11 16:35:52"
"F2839","TUS","TUS17072","2025-05-11 16:35:52"
"F2256","GRNSBORO","GRN04165","2025-05-11 16:35:52"
"F2257","GRNVIL","GRN32804","2025-05-11 16:35:52"
"F65","GRI","GRI27721","2025-05-11 16:35:52"
"F146","GRO","GRO36642","2025-05-11 16:35:52"
"F2258","GUI","GUI48411","2025-05-11 16:35:52"
"F2968","GUSADOL","GUS09783","2025-05-11 16:35:52"
"F348","HAM","HAM60469","2025-05-11 16:35:52"
"F162","HAM","HAM23784","2025-05-11 16:35:52"
"F297","HAM","HAM58543","2025-05-11 16:35:52"
"F2261","HAMP","HAM36038","2025-05-11 16:35:52"
"F2262","HAN","HAN36519","2025-05-11 16:35:52"
"F2810","HARDSIM","HAR42272","2025-05-11 16:35:52"
"F2264","HARDING","HAR11826","2025-05-11 16:35:52"
"F173","HAR","HAR11074","2025-05-11 16:35:52"
"F108","HARV","HAR37296","2025-05-11 16:35:52"
"F62","HAW","HAW29276","2025-05-11 16:35:52"
"F191","HEI","HEI44304","2025-05-11 16:35:52"
"F2271","HENDERSON","HEN56105","2025-05-11 16:35:52"
"F418","HENDRIX","HEN38339","2025-05-11 16:35:52"
"F125974","HIL","HIL23815","2025-05-11 16:35:52"
"F2273","HILLSDALE","HIL29129","2025-05-11 16:35:52"
"F2274","HIRAM","HIR34861","2025-05-11 16:35:52"
"F174","HBRT","HBR43248","2025-05-11 16:35:52"
"F107","HC","HCX10789","2025-05-11 16:35:52"
"F2812","HOP","HOP25464","2025-05-11 16:35:52"
"F2277","HCU","HCU60895","2025-05-11 16:35:52"
"F248","HOU","HOU44296","2025-05-11 16:35:52"
"F47","HOW","HOW58855","2025-05-11 16:35:52"
"F2758","HOWPAY","HOW38280","2025-05-11 16:35:52"
"F2938","HNTNGDN","HNT14944","2025-05-11 16:35:52"
"F2280","HUSSON","HUS12633","2025-05-11 16:35:52"
"F304","IDST","IDS29984","2025-05-11 16:35:52"
"F70","IDHO","IDH39495","2025-05-11 16:35:52"
"F2286","ILLCOLL","ILL58868","2025-05-11 16:35:52"
"F356","ILL","ILL57437","2025-05-11 16:35:52"
"F2287","ILST","ILS17374","2025-05-11 16:35:52"
"F306","ILLWES","ILL13053","2025-05-11 16:35:52"
"F2916","UIW","UIW44299","2025-05-11 16:35:52"
"F84","IU","IUX37638","2025-05-11 16:35:52"
"F282","INST","INS40090","2025-05-11 16:35:52"
"F2291","INDIANAPA","IND17602","2025-05-11 16:35:52"
"F2294","IOWA","IOW58778","2025-05-11 16:35:52"
"F66","ISU","ISU62963","2025-05-11 16:35:52"
"F175","ITH","ITH45477","2025-05-11 16:35:52"
"F2296","JKST","JKS38768","2025-05-11 16:35:52"
"F55","JVST","JVS16084","2025-05-11 16:35:52"
"F256","JMU","JMU26923","2025-05-11 16:35:52"
"F2302","JOH","JOH09638","2025-05-11 16:35:52"
"F118","JHU","JHU14334","2025-05-11 16:35:52"
"F2304","JOH","JOH55374","2025-05-11 16:35:52"
"F246","JUN","JUN25461","2025-05-11 16:35:52"
"F126","KAL","KAL44183","2025-05-11 16:35:52"
"F2305","KU","KUX19851","2025-05-11 16:35:52"
"F2306","KSU","KSU15063","2025-05-11 16:35:52"
"F2871","KEAN","KEA50847","2025-05-11 16:35:52"
"F2309","KENT","KEN00068","2025-05-11 16:35:52"
"F2310","KYST","KYS32043","2025-05-11 16:35:52"
"F2316","KYWESL","KYW26072","2025-05-11 16:35:52"
"F96","UK","UKX41271","2025-05-11 16:35:52"
"F352","KEN","KEN02604","2025-05-11 16:35:52"
"F247","KIN","KIN27228","2025-05-11 16:35:52"
"F255","KNO","KNO39272","2025-05-11 16:35:52"
"F2315","KUTZTOWN","KUT63610","2025-05-11 16:35:52"
"F122774","KEYST","KEY32467","2025-05-11 16:35:52"
"F99","LSU","LSU25553","2025-05-11 16:35:52"
"F2318","LAVERNE","LAV10852","2025-05-11 16:35:52"
"F322","LAF","LAF64671","2025-05-11 16:35:52"
"F548","LAG","LAG33736","2025-05-11 16:35:52"
"F437","LAKEERIE","LAK10189","2025-05-11 16:35:52"
"F262","LAK","LAK60489","2025-05-11 16:35:52"
"F6353","LAKEL","LAK15010","2025-05-11 16:35:52"
"F2320","LAM","LAM56250","2025-05-11 16:35:52"
"F2323","LAC","LAC57684","2025-05-11 16:35:52"
"F268","LAW","LAW64533","2025-05-11 16:35:52"
"F388","LEB","LEB41264","2025-05-11 16:35:52"
"F2329","LEH","LEH06965","2025-05-11 16:35:52"
"F2331","LENRHYNE","LEN29415","2025-05-11 16:35:52"
"F2333","LEW","LEW21078","2025-05-11 16:35:52"
"F2335","LIB","LIB25613","2025-05-11 16:35:52"
"F2336","LIMESTONE","LIM45785","2025-05-11 16:35:52"
"F2876","LIN","LIN09704","2025-05-11 16:35:52"
"F2339","LINP","LIN33728","2025-05-11 16:35:52"
"F203","LIN","LIN23024","2025-05-11 16:35:52"
"F2940","LIV","LIV30137","2025-05-11 16:35:52"
"F209","LHU","LHU35518","2025-05-11 16:35:52"
"F2341","LIU","LIU20860","2025-05-11 16:35:52"
"F263","LOR","LOR17907","2025-05-11 16:35:52"
"F309","UL","ULX08764","2025-05-11 16:35:52"
"F2348","LT","LTX02992","2025-05-11 16:35:52"
"F97","LOU","LOU00028","2025-05-11 16:35:52"
"F67","LUT","LUT52027","2025-05-11 16:35:52"
"F2354","LYCOMING","LYC35282","2025-05-11 16:35:52"
"F109","MIT","MIT59245","2025-05-11 16:35:52"
"F2359","MACALES","MAC30866","2025-05-11 16:35:52"
"F311","ME","MEX30401","2025-05-11 16:35:52"
"F2362","MNCHSTR","MNC56232","2025-05-11 16:35:52"
"F317","MAR","MAR65422","2025-05-11 16:35:52"
"F2368","MRST","MRS08445","2025-05-11 16:35:52"
"F2369","MH","MHX10480","2025-05-11 16:35:52"
"F276","MRSH","MRS45017","2025-05-11 16:35:52"
"F446","MAR","MAR25633","2025-05-11 16:35:52"
"F2371","MRYHRBAY","MRY39679","2025-05-11 16:35:52"
"F120","MD","MDX05302","2025-05-11 16:35:52"
"F2373","MRYVILTN","MRY59663","2025-05-11 16:35:52"
"F110","MAMARI","MAM10515","2025-05-11 16:35:52"
"F113","MASS","MAS09791","2025-05-11 16:35:52"
"F2700","MCD","MCD45084","2025-05-11 16:35:52"
"F2816","MAN","MAN49912","2025-05-11 16:35:52"
"F241","MCM","MCM21412","2025-05-11 16:35:52"
"F235","MEM","MEM54129","2025-05-11 16:35:52"
"F2382","MER","MER42589","2025-05-11 16:35:52"
"F2383","MER","MER24518","2025-05-11 16:35:52"
"F2771","MRMK","MRM50353","2025-05-11 16:35:52"
"F291","MTH","MTH18094","2025-05-11 16:35:52"
"F193","M-OH","MOH65227","2025-05-11 16:35:52"
"F2390","MIA","MIA43934","2025-05-11 16:35:52"
"F127","MSU","MSU16309","2025-05-11 16:35:52"
"F2392","MTU","MTU60624","2025-05-11 16:35:52"
"F130","MICH","MIC10530","2025-05-11 16:35:52"
"F2393","MTSU","MTS26077","2025-05-11 16:35:52"
"F2394","MIDLBRY","MID36405","2025-05-11 16:35:52"
"F2395","MID","MID39833","2025-05-11 16:35:52"
"F2396","MIL","MIL22969","2025-05-11 16:35:52"
"F210","MIL","MIL44703","2025-05-11 16:35:52"
"F74","MIL","MIL32740","2025-05-11 16:35:52"
"F2398","MIL","MIL45709","2025-05-11 16:35:52"
"F134","UMD","UMD09147","2025-05-11 16:35:52"
"F135","MINN","MIN43860","2025-05-11 16:35:52"
"F2399","MNMOR","MNM33707","2025-05-11 16:35:52"
"F2364","MNST","MNS14396","2025-05-11 16:35:52"
"F2817","MIN","MIN41464","2025-05-11 16:35:52"
"F568","MIN","MIN43117","2025-05-11 16:35:52"
"F2969","MISC","MIS36587","2025-05-11 16:35:52"
"F2401","MIS","MIS37443","2025-05-11 16:35:52"
"F344","MSST","MSS43970","2025-05-11 16:35:52"
"F2400","MVSU","MVS36639","2025-05-11 16:35:52"
"F2402","MISSO","MIS49595","2025-05-11 16:35:52"
"F2403","MOSSTC","MOS38223","2025-05-11 16:35:52"
"F2623","MOST","MOS43798","2025-05-11 16:35:52"
"F142","MIZ","MIZ31768","2025-05-11 16:35:52"
"F137","MOW","MOW40020","2025-05-11 16:35:52"
"F2919","MONMIL","MON16429","2025-05-11 16:35:52"
"F2405","MONM","MON52878","2025-05-11 16:35:52"
"F149","MONT","MON47756","2025-05-11 16:35:52"
"F147","MTST","MTS22429","2025-05-11 16:35:52"
"F2701","MTWST","MTW41791","2025-05-11 16:35:52"
"F2818","MON","MON22947","2025-05-11 16:35:52"
"F323","MOR","MOR61849","2025-05-11 16:35:52"
"F2413","MORE","MOR35441","2025-05-11 16:35:52"
"F60","MOR","MOR35861","2025-05-11 16:35:52"
"F2415","MORG","MOR34891","2025-05-11 16:35:52"
"F2419","MTS","MTS30705","2025-05-11 16:35:52"
"F2422","MHLBRG","MHL54786","2025-05-11 16:35:52"
"F93","MUR","MUR20781","2025-05-11 16:35:52"
"F332","MUS","MUS65298","2025-05-11 16:35:52"
"F152","NCSU","NCS48171","2025-05-11 16:35:52"
"F2426","NAVY","NAV65395","2025-05-11 16:35:52"
"F158","NEB","NEB39317","2025-05-11 16:35:52"
"F6845","NEBWS","NEB40038","2025-05-11 16:35:52"
"F2438","NEKR","NEK55520","2025-05-11 16:35:52"
"F2440","NEV","NEV64928","2025-05-11 16:35:52"
"F160","UNH","UNH14695","2025-05-11 16:35:52"
"F2441","NH","NHX34316","2025-05-11 16:35:52"
"F2424","NMH","NMH30739","2025-05-11 16:35:52"
"F167","UNM","UNM11990","2025-05-11 16:35:52"
"F166","NMSU","NMS52795","2025-05-11 16:35:52"
"F2444","NBY","NBY46937","2025-05-11 16:35:52"
"F2447","NICH","NIC41263","2025-05-11 16:35:52"
"F2884","NICHOLS","NIC47550","2025-05-11 16:35:52"
"F2450","NORF","NOR45983","2025-05-11 16:35:52"
"F2453","UNA","UNA32602","2025-05-11 16:35:52"
"F2448","NCAT","NCA08965","2025-05-11 16:35:52"
"F2428","NCCU","NCC18754","2025-05-11 16:35:52"
"F153","UNC","UNC39477","2025-05-11 16:35:52"
"F286","NORTH","NOR56619","2025-05-11 16:35:52"
"F3071","NCC","NCC41165","2025-05-11 16:35:52"
"F155","UND","UND27988","2025-05-11 16:35:52"
"F2449","NDSU","NDS35808","2025-05-11 16:35:52"
"F75","NOR","NOR10514","2025-05-11 16:35:52"
"F249","UNT","UNT35277","2025-05-11 16:35:52"
"F196","NOR","NOR40039","2025-05-11 16:35:52"
"F2464","NAU","NAU01104","2025-05-11 16:35:52"
"F2458","UNCO","UNC12368","2025-05-11 16:35:52"
"F2459","NIU","NIU19278","2025-05-11 16:35:52"
"F2460","UNI","UNI57694","2025-05-11 16:35:52"
"F128","NMI","NMI42280","2025-05-11 16:35:52"
"F425","NOR","NOR21323","2025-05-11 16:35:52"
"F138","NWMS","NWM50752","2025-05-11 16:35:52"
"F583","NWMN","NWM28731","2025-05-11 16:35:52"
"F2823","NWO","NWO07110","2025-05-11 16:35:52"
"F2466","NWST","NWS02269","2025-05-11 16:35:52"
"F77","NU","NUX34685","2025-05-11 16:35:52"
"F2886","NAR","NAR57383","2025-05-11 16:35:52"
"F2467","NOR","NOR49051","2025-05-11 16:35:52"
"F87","ND","NDX57363","2025-05-11 16:35:52"
"F391","OBERLIN","OBE37431","2025-05-11 16:35:52"
"F195","OHIO","OHI05354","2025-05-11 16:35:52"
"F427","OHNRTH","OHN36868","2025-05-11 16:35:52"
"F194","OSU","OSU35986","2025-05-11 16:35:52"
"F3161","OSU","OSU42277","2025-05-11 16:35:52"
"F2980","OHWESL","OHW03418","2025-05-11 16:35:52"
"F319","OB","OBX48359","2025-05-11 16:35:52"
"F201","OU","OUX47597","2025-05-11 16:35:52"
"F197","OKST","OKS62351","2025-05-11 16:35:52"
"F295","ODU","ODU04084","2025-05-11 16:35:52"
"F145","MISS","MIS48673","2025-05-11 16:35:52"
"F354","OLI","OLI53217","2025-05-11 16:35:52"
"F2483","ORE","ORE17493","2025-05-11 16:35:52"
"F204","ORST","ORS11949","2025-05-11 16:35:52"
"F359","OTT","OTT02533","2025-05-11 16:35:52"
"F2888","OUA","OUA64191","2025-05-11 16:35:52"
"F2487","PAC","PAC45762","2025-05-11 16:35:52"
"F205","PAC","PAC28179","2025-05-11 16:35:52"
"F2486","PACLTH","PAC04511","2025-05-11 16:35:52"
"F213","PSU","PSU13719","2025-05-11 16:35:52"
"F219","PENN","PEN15877","2025-05-11 16:35:52"
"F90","PIT","PIT08923","2025-05-11 16:35:52"
"F221","PITT","PIT00456","2025-05-11 16:35:52"
"F2972","PLYST","PLY09503","2025-05-11 16:35:52"
"F2923","POM","POM22561","2025-05-11 16:35:52"
"F2502","PRST","PRS42819","2025-05-11 16:35:52"
"F126086","POS","POS26457","2025-05-11 16:35:52"
"F2504","PV","PVX34782","2025-05-11 16:35:52"
"F2506","PRES","PRE18990","2025-05-11 16:35:52"
"F163","PRIN","PRI56970","2025-05-11 16:35:52"
"F2508","PUGET","PUG33518","2025-05-11 16:35:52"
"F2509","PUR","PUR44452","2025-05-11 16:35:52"
"F2825","QUI","QUI42900","2025-05-11 16:35:52"
"F2516","RAN","RAN29774","2025-05-11 16:35:52"
"F29","RED","RED04053","2025-05-11 16:35:52"
"F2528","RPI","RPI57852","2025-05-11 16:35:52"
"F227","URI","URI64573","2025-05-11 16:35:52"
"F2519","RHO","RHO56636","2025-05-11 16:35:52"
"F242","RICE","RIC09070","2025-05-11 16:35:52"
"F257","RICH","RIC36445","2025-05-11 16:35:52"
"F2891","RIP","RIP18103","2025-05-11 16:35:52"
"F2523","RMU","RMU09229","2025-05-11 16:35:52"
"F2524","ROCKF","ROC22038","2025-05-11 16:35:52"
"F86","ROSEHUL","ROS38408","2025-05-11 16:35:52"
"F2827","ROW","ROW63796","2025-05-11 16:35:52"
"F164","RUTG","RUT30614","2025-05-11 16:35:52"
"F2567","SMU","SMU00348","2025-05-11 16:35:52"
"F2951","SUNYMAR","SUN06554","2025-05-11 16:35:52"
"F16","SAC","SAC58158","2025-05-11 16:35:52"
"F2529","SHU","SHU19550","2025-05-11 16:35:52"
"F129","SAGI","SAG07670","2025-05-11 16:35:52"
"F2600","ST. J","STJ27334","2025-05-11 16:35:52"
"F2614","STV","STV13683","2025-05-11 16:35:52"
"F2532","SALIS","SAL27886","2025-05-11 16:35:52"
"F2776","SALVE","SAL47714","2025-05-11 16:35:52"
"F2534","SHSU","SHS18500","2025-05-11 16:35:52"
"F2535","SAM","SAM22803","2025-05-11 16:35:52"
"F21","SDSU","SDS32080","2025-05-11 16:35:52"
"F301","USD","USD37612","2025-05-11 16:35:52"
"F23","SJSU","SJS25113","2025-05-11 16:35:52"
"F2542","SAV","SAV01393","2025-05-11 16:35:52"
"F611","SETONHILL","SET60850","2025-05-11 16:35:52"
"F2553","SEWAN","SEW39585","2025-05-11 16:35:52"
"F2551","SHAW","SHA29266","2025-05-11 16:35:52"
"F2828","SHENAN","SHE06917","2025-05-11 16:35:52"
"F2974","SHE","SHE54795","2025-05-11 16:35:52"
"F2559","SHPSBRG","SHP47914","2025-05-11 16:35:52"
"F2564","SIMPS","SIM19164","2025-05-11 16:35:52"
"F2894","SIO","SIO25058","2025-05-11 16:35:52"
"F215","SRU","SRU13495","2025-05-11 16:35:52"
"F6","USA","USA17113","2025-05-11 16:35:52"
"F2579","SC","SCX29745","2025-05-11 16:35:52"
"F2569","SCST","SCS42098","2025-05-11 16:35:52"
"F233","SDAK","SDA30263","2025-05-11 16:35:52"
"F613","SDMT","SDM40920","2025-05-11 16:35:52"
"F2571","SDST","SDS27877","2025-05-11 16:35:52"
"F58","USF","USF07353","2025-05-11 16:35:52"
"F2546","SEMO","SEM38289","2025-05-11 16:35:52"
"F199","SEOS","SEO60217","2025-05-11 16:35:52"
"F2568","SOU","SOU12140","2025-05-11 16:35:52"
"F2583","SOU","SOU06640","2025-05-11 16:35:52"
"F79","SIU","SIU18097","2025-05-11 16:35:52"
"F2582","SOU","SOU03523","2025-05-11 16:35:52"
"F2572","USM","USM28347","2025-05-11 16:35:52"
"F200","STN","STN49984","2025-05-11 16:35:52"
"F253","SUU","SUU30441","2025-05-11 16:35:52"
"F2896","SVA","SVA00802","2025-05-11 16:35:52"
"F2586","SWB","SWB58085","2025-05-11 16:35:52"
"F2587","SWMN","SWM56693","2025-05-11 16:35:52"
"F616","SCKS","SCK42083","2025-05-11 16:35:52"
"F2927","SWO","SWO17913","2025-05-11 16:35:52"
"F2588","SW","SWX49139","2025-05-11 16:35:52"
"F81","SPR","SPR02251","2025-05-11 16:35:52"
"F374","SJFISH","SJF02400","2025-05-11 16:35:52"
"F2830","STA","STA10788","2025-05-11 16:35:52"
"F2598","SFPA","SFP25810","2025-05-11 16:35:52"
"F2779","USL","USL57965","2025-05-11 16:35:52"
"F2832","STN","STN09052","2025-05-11 16:35:52"
"F133","STO","STO06472","2025-05-11 16:35:52"
"F375","SCHOLA","SCH23262","2025-05-11 16:35:52"
"F2900","STMN","STM28752","2025-05-11 16:35:52"
"F24","STAN","STA52518","2025-05-11 16:35:52"
"F2617","SFA","SFA57984","2025-05-11 16:35:52"
"F56","STET","STE39140","2025-05-11 16:35:52"
"F471","STU","STU64172","2025-05-11 16:35:52"
"F2619","STBK","STB32562","2025-05-11 16:35:52"
"F216","SUS","SUS35856","2025-05-11 16:35:52"
"F183","SYR","SYR40622","2025-05-11 16:35:52"
"F2628","TCU","TCU64457","2025-05-11 16:35:52"
"F2627","TAR","TAR60872","2025-05-11 16:35:52"
"F218","TEM","TEM42291","2025-05-11 16:35:52"
"F2634","TNST","TNS49768","2025-05-11 16:35:52"
"F2635","TNTC","TNT55350","2025-05-11 16:35:52"
"F2633","TENN","TEN27998","2025-05-11 16:35:52"
"F245","TA&M","TAM07714","2025-05-11 16:35:52"
"F2658","TXA","TXA36817","2025-05-11 16:35:52"
"F251","TEX","TEX28477","2025-05-11 16:35:52"
"F2639","TL","TLX50350","2025-05-11 16:35:52"
"F2640","TXSO","TXS25701","2025-05-11 16:35:52"
"F326","TXST","TXS13893","2025-05-11 16:35:52"
"F2641","TTU","TTU30166","2025-05-11 16:35:52"
"F2643","CIT","CIT53691","2025-05-11 16:35:52"
"F2644","THIEL","THI24383","2025-05-11 16:35:52"
"F2838","TIF","TIF38735","2025-05-11 16:35:52"
"F2649","TOL","TOL12178","2025-05-11 16:35:52"
"F119","TOW","TOW28507","2025-05-11 16:35:52"
"F2651","TRI","TRI31824","2025-05-11 16:35:52"
"F2977","TRI","TRI34134","2025-05-11 16:35:52"
"F386","TRTX","TRT45600","2025-05-11 16:35:52"
"F3237","HVCC","HVC58361","2025-05-11 16:35:52"
"F2654","TRU","TRU34231","2025-05-11 16:35:52"
"F112","TUF","TUF32483","2025-05-11 16:35:52"
"F2655","TULN","TUL13813","2025-05-11 16:35:52"
"F202","TLSA","TLS56490","2025-05-11 16:35:52"
"F2657","TUS","TUS28649","2025-05-11 16:35:52"
"F5","UAB","UAB23678","2025-05-11 16:35:52"
"F399","ALB","ALB40009","2025-05-11 16:35:52"
"F302","UCD","UCD44810","2025-05-11 16:35:52"
"F2116","UCF","UCF18628","2025-05-11 16:35:52"
"F26","UCLA","UCL47413","2025-05-11 16:35:52"
"F41","CONN","CON51063","2025-05-11 16:35:52"
"F2433","ULM","ULM19939","2025-05-11 16:35:52"
"F379","MAS","MAS61452","2025-05-11 16:35:52"
"F2439","UNLV","UNL60473","2025-05-11 16:35:52"
"F30","USC","USC45934","2025-05-11 16:35:52"
"F2630","UTM","UTM07821","2025-05-11 16:35:52"
"F110243","TXPBAS","TXP63295","2025-05-11 16:35:52"
"F2638","UTEP","UTE08380","2025-05-11 16:35:52"
"F2636","UTSA","UTS31487","2025-05-11 16:35:52"
"F237","UNNY","UNN19330","2025-05-11 16:35:52"
"F2128","CHWV","CHW56348","2025-05-11 16:35:52"
"F2831","SBP","SBP41936","2025-05-11 16:35:52"
"F559","MARY","MAR46430","2025-05-11 16:35:52"
"F389","UPPERIOWA","UPP30359","2025-05-11 16:35:52"
"F2667","URS","URS11827","2025-05-11 16:35:52"
"F328","USU","USU45781","2025-05-11 16:35:52"
"F3101","UTU","UTU51776","2025-05-11 16:35:52"
"F254","UTAH","UTA38987","2025-05-11 16:35:52"
"F390","UTICA","UTI22304","2025-05-11 16:35:52"
"F2678","VMI","VMI27654","2025-05-11 16:35:52"
"F2673","VAL","VAL54958","2025-05-11 16:35:52"
"F2674","VAL","VAL02560","2025-05-11 16:35:52"
"F238","VAN","VAN33329","2025-05-11 16:35:52"
"F222","VILL","VIL18265","2025-05-11 16:35:52"
"F258","UVA","UVA59462","2025-05-11 16:35:52"
"F330","VIR","VIR56422","2025-05-11 16:35:52"
"F259","VT","VTX10566","2025-05-11 16:35:52"
"F2676","VU","VUX33256","2025-05-11 16:35:52"
"F2355","VIRLYN","VIR10975","2025-05-11 16:35:52"
"F89","WAB","WAB42793","2025-05-11 16:35:52"
"F2681","WAG","WAG20678","2025-05-11 16:35:52"
"F154","WAKE","WAK37791","2025-05-11 16:35:52"
"F2682","WAL","WAL46094","2025-05-11 16:35:52"
"F2685","WAR","WAR33017","2025-05-11 16:35:52"
"F2687","WAS","WAS35265","2025-05-11 16:35:52"
"F2686","WAS","WAS61307","2025-05-11 16:35:52"
"F264","WASH","WAS03316","2025-05-11 16:35:52"
"F265","WSU","WSU02715","2025-05-11 16:35:52"
"F143","WSTL","WST53910","2025-05-11 16:35:52"
"F2688","UWL","UWL26171","2025-05-11 16:35:52"
"F131","WAY","WAY49299","2025-05-11 16:35:52"
"F2844","WNST","WNS12425","2025-05-11 16:35:52"
"F2845","WAYNEB","WAY18212","2025-05-11 16:35:52"
"F2692","WEB","WEB43435","2025-05-11 16:35:52"
"F336","WES","WES08631","2025-05-11 16:35:52"
"F2695","WES","WES38815","2025-05-11 16:35:52"
"F223","WES","WES00524","2025-05-11 16:35:52"
"F2699","WLIBST","WLI32560","2025-05-11 16:35:52"
"F2704","WES","WES21035","2025-05-11 16:35:52"
"F277","WVU","WVU63381","2025-05-11 16:35:52"
"F2707","WEST ","WES13664","2025-05-11 16:35:52"
"F455","WEST","WES27786","2025-05-11 16:35:52"
"F2717","WCU","WCU35032","2025-05-11 16:35:52"
"F2714","WSCO","WSC63308","2025-05-11 16:35:52"
"F2843","WES","WES09802","2025-05-11 16:35:52"
"F2710","WIU","WIU53483","2025-05-11 16:35:52"
"F98","WKU","WKU03870","2025-05-11 16:35:52"
"F2711","WMU","WMU42771","2025-05-11 16:35:52"
"F2702","WNWENG","WNW37899","2025-05-11 16:35:52"
"F2703","WNMEX","WNM07792","2025-05-11 16:35:52"
"F2848","WORE","WOR18649","2025-05-11 16:35:52"
"F2909","WES","WES55293","2025-05-11 16:35:52"
"F2849","WMNPA","WMN34265","2025-05-11 16:35:52"
"F433","WMN","WMN46746","2025-05-11 16:35:52"
"F396","WHEATON","WHE50152","2025-05-11 16:35:52"
"F112335","WHEEL","WHE44770","2025-05-11 16:35:52"
"F2721","WHI","WHI65079","2025-05-11 16:35:52"
"F2725","WID","WID07146","2025-05-11 16:35:52"
"F398","WILKES","WIL62313","2025-05-11 16:35:52"
"F2930","WLLMTT","WLL47854","2025-05-11 16:35:52"
"F2729","W&M","WMX20678","2025-05-11 16:35:52"
"F2911","WILLI","WIL18209","2025-05-11 16:35:52"
"F2970","WILLPAT","WIL49927","2025-05-11 16:35:52"
"F2731","WIL","WIL41183","2025-05-11 16:35:52"
"F2733","WILMOH","WIL19644","2025-05-11 16:35:52"
"F351","WIN","WIN27712","2025-05-11 16:35:52"
"F2851","WIN","WIN20636","2025-05-11 16:35:52"
"F2736","WNSL","WNS42096","2025-05-11 16:35:52"
"F275","WIS","WIS56162","2025-05-11 16:35:52"
"F2738","WISE","WIS26062","2025-05-11 16:35:52"
"F2740","WISL","WIS35543","2025-05-11 16:35:52"
"F2741","WILU","WIL56405","2025-05-11 16:35:52"
"F271","WISO","WIS19690","2025-05-11 16:35:52"
"F272","WIPL","WIP47828","2025-05-11 16:35:52"
"F2723","WIRF","WIR62519","2025-05-11 16:35:52"
"F2743","WISP","WIS16721","2025-05-11 16:35:52"
"F2744","WISS","WIS30234","2025-05-11 16:35:52"
"F2745","WISW","WIS17106","2025-05-11 16:35:52"
"F2746","WITTEN","WIT20766","2025-05-11 16:35:52"
"F2747","WOF","WOF57634","2025-05-11 16:35:52"
"F2748","WOO","WOO56224","2025-05-11 16:35:52"
"F2749","WORCE","WOR26500","2025-05-11 16:35:52"
"F402","WORST","WOR08778","2025-05-11 16:35:52"
"F2751","WYO","WYO12390","2025-05-11 16:35:52"
"F43","YALE","YAL57104","2025-05-11 16:35:52"
"F2754","YSU","YSU59710","2025-05-11 16:35:52"
